AccountBalance,CustomerAge,TingkatSejahtera
5112.21,70.0,menengah
13758.91,68.0,stabil
1122.35,19.0,rendah
8569.06,26.0,stabil
7429.4,26.0,stabil
781.6800000000003,18.0,rendah
13316.71,37.0,stabil
2796.24,67.0,menengah
9095.14,51.0,stabil
1021.8799999999997,55.0,menengah
7599.52,52.0,stabil
1528.81,21.0,rendah
1620.02,24.0,rendah
189.6899999999996,26.0,rendah
299.9300000000003,18.0,rendah
3465.54,36.0,rendah
1131.2600000000002,19.0,rendah
5109.97,39.0,rendah
7948.37,59.0,stabil
6568.59,18.0,rendah
5750.89,71.0,menengah
9146.19,38.0,stabil
8974.93,39.0,stabil
1402.5,22.0,rendah
1930.96,21.0,rendah
3634.67,65.0,menengah
673.3500000000004,23.0,rendah
2686.52,37.0,rendah
1772.06,44.0,rendah
1351.69,27.0,rendah
8334.47,59.0,stabil
9823.64,29.0,stabil
9690.15,49.0,stabil
399.0,22.0,rendah
14815.87,45.0,stabil
5764.72,49.0,menengah
900.6099999999997,26.0,rendah
4875.86,75.0,menengah
7914.88,66.0,menengah
1019.3899999999999,55.0,menengah
4323.66,63.0,menengah
14214.48,38.0,stabil
13357.02,57.0,stabil
241.78999999999996,19.0,rendah
868.6099999999997,27.0,rendah
4673.28,74.0,menengah
1509.27,26.0,rendah
781.6999999999998,19.0,rendah
265.5100000000002,26.0,rendah
1335.0900000000001,41.0,rendah
3907.54,69.0,menengah
5183.85,51.0,menengah
14904.9,67.0,stabil
918.8800000000001,28.0,rendah
4477.78,62.0,menengah
1324.0299999999997,25.0,rendah
3534.93,57.0,menengah
4638.37,68.0,menengah
5630.61,48.0,menengah
930.3000000000002,23.0,rendah
5499.91,46.0,menengah
4175.02,79.0,menengah
6651.62,48.0,stabil
8458.29,56.0,stabil
13988.12,50.0,stabil
2585.07,42.0,rendah
3014.75,56.0,menengah
1951.42,25.0,rendah
3665.77,60.0,menengah
977.0100000000002,32.0,rendah
3846.28,44.0,menengah
6374.82,35.0,stabil
5866.01,62.0,menengah
6537.62,26.0,rendah
605.9499999999998,20.0,rendah
6689.87,37.0,stabil
634.1700000000001,22.0,rendah
14676.05,44.0,stabil
1362.3900000000003,19.0,rendah
10528.34,50.0,stabil
552.5200000000004,38.0,rendah
6451.96,58.0,menengah
4715.84,63.0,menengah
7176.86,49.0,stabil
1523.7200000000003,34.0,rendah
8654.28,54.0,stabil
9869.93,64.0,stabil
10556.81,48.0,stabil
12883.91,58.0,stabil
791.6499999999996,24.0,rendah
4064.02,60.0,menengah
2929.91,53.0,menengah
618.0500000000002,21.0,rendah
1375.8000000000002,19.0,rendah
1143.52,29.0,rendah
7708.41,51.0,stabil
1872.96,27.0,rendah
201.03999999999996,57.0,menengah
2115.8,71.0,menengah
7643.66,37.0,stabil
8901.93,30.0,stabil
9383.43,20.0,stabil
1181.31,55.0,menengah
9418.86,27.0,stabil
7954.92,32.0,stabil
9418.08,46.0,stabil
6144.68,59.0,menengah
420.64999999999964,27.0,rendah
447.8199999999997,22.0,rendah
7981.45,63.0,menengah
1829.9,53.0,menengah
985.0599999999995,25.0,rendah
8849.26,51.0,stabil
3528.72,78.0,menengah
480.15999999999985,40.0,rendah
12145.27,47.0,stabil
13546.75,68.0,stabil
5688.37,43.0,stabil
8346.64,26.0,stabil
6481.04,39.0,stabil
1651.33,69.0,menengah
11174.94,46.0,stabil
145.5,27.0,rendah
4172.57,41.0,rendah
5558.36,56.0,menengah
11151.53,70.0,stabil
1415.52,57.0,menengah
1103.6400000000008,26.0,rendah
303.6800000000003,26.0,rendah
5541.57,58.0,menengah
6309.8,33.0,stabil
5133.61,78.0,menengah
9344.98,47.0,stabil
1117.9700000000003,23.0,rendah
11835.35,56.0,stabil
14401.17,50.0,stabil
1748.69,18.0,rendah
1000.46,21.0,rendah
6810.05,69.0,menengah
263.97999999999956,23.0,rendah
5442.76,30.0,rendah
2037.85,80.0,menengah
341.9399999999996,18.0,rendah
1066.5900000000001,66.0,menengah
6077.96,69.0,menengah
1659.15,20.0,rendah
2042.2200000000003,77.0,menengah
421.9300000000003,41.0,rendah
10113.66,66.0,stabil
4446.17,54.0,menengah
6452.77,80.0,menengah
2788.2,35.0,rendah
596.1599999999999,20.0,rendah
12904.66,61.0,stabil
9062.4,37.0,stabil
9009.56,36.0,stabil
1152.1999999999998,20.0,rendah
12168.37,68.0,stabil
611.8599999999997,23.0,rendah
8670.53,62.0,stabil
10098.86,53.0,stabil
5307.74,33.0,rendah
1047.2799999999993,56.0,menengah
6921.48,70.0,menengah
1475.46,51.0,menengah
112.76000000000022,34.0,rendah
5669.66,75.0,menengah
1309.9499999999998,53.0,menengah
4057.1,31.0,rendah
1585.98,22.0,rendah
6825.55,31.0,stabil
5516.5,56.0,menengah
5343.3,76.0,menengah
903.0500000000002,22.0,rendah
1806.1599999999999,24.0,rendah
787.7399999999998,26.0,rendah
2429.68,29.0,rendah
770.3699999999999,19.0,rendah
1182.7700000000004,71.0,menengah
726.5500000000002,54.0,menengah
14464.3,41.0,stabil
12046.3,58.0,stabil
7885.64,73.0,menengah
1952.35,19.0,rendah
7328.52,59.0,menengah
3210.39,59.0,menengah
5726.2,78.0,menengah
1363.65,62.0,menengah
1241.9899999999998,60.0,menengah
7873.28,38.0,stabil
5674.32,79.0,menengah
9840.04,49.0,stabil
10328.23,43.0,stabil
293.2399999999998,25.0,rendah
7486.63,52.0,stabil
11385.37,50.0,stabil
7264.79,69.0,menengah
2762.48,62.0,menengah
6675.03,62.0,menengah
7432.99,53.0,stabil
1057.0000000000005,19.0,rendah
5956.89,43.0,stabil
7261.59,59.0,menengah
4943.16,64.0,menengah
8127.48,60.0,stabil
1748.02,68.0,menengah
9660.22,31.0,stabil
6371.51,46.0,stabil
9442.47,54.0,stabil
5959.2,63.0,menengah
13531.22,65.0,stabil
11500.62,40.0,stabil
1389.37,61.0,menengah
6706.56,55.0,menengah
7175.29,57.0,menengah
420.6700000000001,25.0,rendah
7323.53,75.0,menengah
8395.85,50.0,stabil
5140.93,33.0,rendah
7945.57,63.0,menengah
5873.54,44.0,stabil
3074.45,76.0,menengah
6155.76,64.0,menengah
8318.29,28.0,stabil
230.09000000000015,58.0,menengah
2513.56,57.0,menengah
10090.05,41.0,stabil
480.1899999999996,22.0,rendah
1120.88,48.0,menengah
370.8100000000004,21.0,rendah
13498.55,43.0,stabil
14804.7,40.0,stabil
3057.4,46.0,menengah
14942.78,51.0,stabil
14143.32,39.0,stabil
6736.3,56.0,menengah
3313.07,48.0,menengah
829.71,54.0,menengah
1540.87,53.0,menengah
6820.23,32.0,stabil
13475.14,35.0,stabil
714.4499999999998,32.0,rendah
1306.9099999999999,21.0,rendah
7255.33,56.0,menengah
1153.8400000000006,59.0,menengah
6647.73,77.0,menengah
8709.77,22.0,stabil
857.8999999999996,23.0,rendah
509.4499999999998,53.0,menengah
2812.06,51.0,menengah
6179.91,57.0,menengah
6609.3,26.0,rendah
3484.32,67.0,menengah
754.21,18.0,rendah
751.0900000000001,18.0,rendah
8510.09,39.0,stabil
1508.7200000000003,58.0,menengah
511.3699999999999,18.0,rendah
12648.32,59.0,stabil
233.21000000000004,54.0,menengah
1092.92,23.0,rendah
6711.15,59.0,menengah
459.3699999999999,25.0,rendah
6994.34,79.0,menengah
7071.09,43.0,stabil
9045.19,44.0,stabil
5238.71,79.0,menengah
9642.12,43.0,stabil
6263.96,26.0,rendah
7460.33,72.0,menengah
4233.82,61.0,menengah
8303.9,42.0,stabil
314.27999999999975,28.0,rendah
5241.23,35.0,rendah
323.6899999999996,54.0,menengah
6863.06,46.0,stabil
3877.73,76.0,menengah
4046.58,69.0,menengah
2409.73,72.0,menengah
5211.88,58.0,menengah
6217.86,45.0,stabil
5978.12,25.0,rendah
1671.6599999999999,26.0,rendah
8421.88,58.0,stabil
14611.9,53.0,stabil
8253.52,64.0,menengah
4489.79,63.0,menengah
11903.82,37.0,stabil
483.02000000000044,22.0,rendah
816.0799999999999,21.0,rendah
578.0599999999995,25.0,rendah
477.3000000000002,25.0,rendah
3133.8499999999995,53.0,menengah
5894.09,68.0,menengah
9532.42,22.0,stabil
5327.03,51.0,menengah
2000.6,34.0,rendah
6827.57,56.0,menengah
1633.7600000000002,27.0,rendah
4069.17,73.0,menengah
7943.47,51.0,stabil
8842.47,39.0,stabil
1882.77,24.0,rendah
12526.71,37.0,stabil
4737.84,21.0,rendah
2300.53,78.0,menengah
12385.05,30.0,stabil
4547.06,31.0,rendah
2047.83,36.0,rendah
10008.33,70.0,stabil
2299.64,62.0,menengah
243.92000000000007,27.0,rendah
14473.33,50.0,stabil
1533.3199999999997,19.0,rendah
7005.05,46.0,stabil
955.3999999999996,21.0,rendah
7844.88,42.0,stabil
221.5600000000004,20.0,rendah
6586.19,54.0,menengah
3944.82,65.0,menengah
1127.98,27.0,rendah
2626.63,58.0,menengah
6459.38,48.0,stabil
1649.69,53.0,menengah
6939.23,33.0,stabil
9033.87,39.0,stabil
14365.18,31.0,stabil
10115.18,29.0,stabil
7358.65,74.0,menengah
4438.03,53.0,menengah
1176.1,26.0,rendah
5427.98,26.0,rendah
3653.11,37.0,rendah
2104.82,55.0,menengah
1802.77,21.0,rendah
3559.96,37.0,rendah
3564.8,69.0,menengah
6752.92,71.0,menengah
1444.75,26.0,rendah
10788.89,58.0,stabil
2235.7,55.0,menengah
12893.63,65.0,stabil
2798.15,27.0,rendah
3583.67,46.0,menengah
2120.8,47.0,menengah
3085.38,77.0,menengah
6797.71,42.0,stabil
746.4700000000003,27.0,rendah
5427.81,75.0,menengah
7467.3,53.0,stabil
6362.16,38.0,stabil
8345.26,54.0,stabil
1305.7600000000002,27.0,rendah
13648.36,29.0,stabil
1337.5,43.0,rendah
2015.69,42.0,rendah
8354.54,69.0,menengah
1671.5100000000002,26.0,rendah
11822.53,68.0,stabil
587.1099999999997,23.0,rendah
5422.53,56.0,menengah
1913.73,58.0,menengah
12139.83,37.0,stabil
4693.6,69.0,menengah
464.1999999999998,30.0,rendah
4363.74,80.0,menengah
3319.76,72.0,menengah
4356.98,62.0,menengah
1519.35,28.0,rendah
5962.58,71.0,menengah
6699.23,40.0,stabil
822.7299999999996,21.0,rendah
13964.31,42.0,stabil
867.3199999999997,20.0,rendah
1035.8599999999997,64.0,menengah
13347.69,41.0,stabil
8478.9,32.0,stabil
11088.95,57.0,stabil
6280.66,59.0,menengah
481.1300000000001,44.0,rendah
1122.8799999999997,26.0,rendah
8431.23,58.0,stabil
8342.79,38.0,stabil
7182.22,58.0,menengah
1692.15,67.0,menengah
1695.5699999999997,27.0,rendah
6264.21,49.0,menengah
8497.34,52.0,stabil
1272.12,40.0,rendah
3959.62,56.0,menengah
476.1899999999996,19.0,rendah
1872.2200000000003,25.0,rendah
3117.39,49.0,menengah
1841.69,22.0,rendah
7697.68,80.0,menengah
7580.59,29.0,stabil
7936.91,35.0,stabil
6642.33,67.0,menengah
7642.25,61.0,menengah
136.73999999999978,26.0,rendah
319.84000000000015,23.0,rendah
12662.66,40.0,stabil
8126.06,44.0,stabil
705.75,42.0,rendah
5331.57,73.0,menengah
7645.47,27.0,stabil
8119.73,51.0,stabil
6101.15,46.0,stabil
2561.42,80.0,menengah
11905.64,58.0,stabil
7095.88,64.0,menengah
4382.73,58.0,menengah
1328.73,18.0,rendah
1278.0,23.0,rendah
1749.79,61.0,menengah
2929.51,80.0,menengah
8926.38,29.0,stabil
5977.59,59.0,menengah
7676.92,72.0,menengah
4657.7,45.0,menengah
5579.11,53.0,menengah
3293.01,34.0,rendah
7998.25,57.0,stabil
1093.8900000000003,24.0,rendah
3435.34,30.0,rendah
344.0699999999997,58.0,menengah
3897.17,53.0,menengah
5358.95,67.0,menengah
627.79,27.0,rendah
7418.82,35.0,stabil
5615.26,36.0,rendah
1995.1800000000003,24.0,rendah
453.3900000000003,50.0,menengah
2173.76,66.0,menengah
6452.14,39.0,stabil
7713.67,75.0,menengah
5528.36,42.0,stabil
9939.94,35.0,stabil
7016.99,34.0,stabil
2661.3,55.0,menengah
9410.17,60.0,stabil
2026.3199999999997,54.0,menengah
7371.85,68.0,menengah
264.8299999999999,19.0,rendah
10001.66,36.0,stabil
7752.14,77.0,menengah
9594.11,34.0,stabil
1329.4099999999999,21.0,rendah
11624.93,38.0,stabil
168.84000000000015,22.0,rendah
160.5699999999997,28.0,rendah
7135.64,58.0,menengah
469.1400000000003,27.0,rendah
7517.5,67.0,menengah
919.8400000000001,20.0,rendah
8013.63,48.0,stabil
5077.06,54.0,menengah
2791.2,51.0,menengah
1777.38,62.0,menengah
7749.14,68.0,menengah
4516.76,66.0,menengah
2016.02,68.0,menengah
1959.52,18.0,rendah
3876.61,80.0,menengah
1790.27,23.0,rendah
711.4700000000003,27.0,rendah
12154.66,35.0,stabil
1546.2200000000003,26.0,rendah
7208.15,44.0,stabil
9267.32,59.0,stabil
6485.78,63.0,menengah
3984.38,65.0,menengah
412.77999999999975,60.0,menengah
4795.65,54.0,menengah
246.5699999999997,28.0,rendah
1058.1300000000006,18.0,rendah
2564.62,55.0,menengah
6631.5,54.0,menengah
1661.6800000000003,21.0,rendah
5504.01,54.0,menengah
312.1899999999996,18.0,rendah
2445.58,69.0,menengah
10862.99,62.0,stabil
5414.87,55.0,menengah
3919.44,55.0,menengah
7315.34,58.0,menengah
3740.73,46.0,menengah
465.6300000000001,26.0,rendah
9992.36,53.0,stabil
5141.19,57.0,menengah
4317.85,45.0,menengah
5326.68,30.0,rendah
1636.3199999999997,23.0,rendah
7932.41,77.0,menengah
3927.69,60.0,menengah
588.5,27.0,rendah
8517.95,30.0,stabil
2401.59,76.0,menengah
6776.41,19.0,rendah
5529.92,48.0,menengah
9009.42,40.0,stabil
5994.87,57.0,menengah
5468.58,65.0,menengah
5677.52,39.0,stabil
14180.21,43.0,stabil
9895.1,40.0,stabil
2232.84,39.0,rendah
7739.54,57.0,stabil
431.15999999999985,19.0,rendah
6044.93,59.0,menengah
922.1900000000005,25.0,rendah
447.52999999999975,51.0,menengah
10778.35,48.0,stabil
7513.79,41.0,stabil
2051.25,46.0,menengah
1038.9099999999994,63.0,menengah
6854.61,51.0,stabil
619.8599999999997,18.0,rendah
11320.83,30.0,stabil
14510.8,60.0,stabil
5103.67,54.0,menengah
13793.53,55.0,stabil
2403.39,50.0,menengah
3075.97,60.0,menengah
7835.4,28.0,stabil
414.4300000000003,20.0,rendah
6116.8,40.0,stabil
6067.62,71.0,menengah
7341.43,53.0,stabil
1240.71,21.0,rendah
1454.08,22.0,rendah
1476.9099999999999,26.0,rendah
1943.13,18.0,rendah
1719.9700000000003,28.0,rendah
832.8199999999997,53.0,menengah
7696.16,30.0,stabil
7004.63,76.0,menengah
6385.69,68.0,menengah
5472.03,35.0,rendah
8602.22,30.0,stabil
162.52999999999975,19.0,rendah
9370.9,44.0,stabil
8570.82,55.0,stabil
522.0799999999999,44.0,rendah
836.6700000000001,34.0,rendah
364.72000000000025,18.0,rendah
8557.32,35.0,stabil
1579.5699999999997,24.0,rendah
129.28999999999996,27.0,rendah
6474.41,39.0,stabil
1380.21,21.0,rendah
7487.79,56.0,stabil
7986.63,54.0,stabil
7322.01,64.0,menengah
9929.43,34.0,stabil
1830.98,19.0,rendah
3012.31,33.0,rendah
7198.8,31.0,stabil
10980.38,63.0,stabil
868.3500000000004,26.0,rendah
3773.29,80.0,menengah
6697.77,67.0,menengah
9410.99,37.0,stabil
6213.32,37.0,stabil
368.77999999999975,21.0,rendah
1663.31,28.0,rendah
711.6599999999999,60.0,menengah
2403.25,75.0,menengah
5957.37,52.0,menengah
801.0100000000002,24.0,rendah
5711.71,40.0,stabil
928.3299999999999,24.0,rendah
7365.28,52.0,stabil
5839.38,51.0,menengah
5116.98,26.0,rendah
3641.07,72.0,menengah
1352.19,70.0,menengah
7299.86,29.0,stabil
1503.56,19.0,rendah
5943.13,69.0,menengah
895.6599999999999,54.0,menengah
5669.1,67.0,menengah
1061.96,21.0,rendah
1592.94,25.0,rendah
6215.96,43.0,stabil
6171.89,39.0,stabil
5987.67,59.0,menengah
14783.33,68.0,stabil
4708.29,76.0,menengah
1806.0,22.0,rendah
13240.719999999998,54.0,stabil
1196.0699999999997,27.0,rendah
1408.0699999999997,27.0,rendah
271.77999999999975,19.0,rendah
9419.27,49.0,stabil
9551.64,41.0,stabil
1070.4700000000007,44.0,rendah
9374.24,49.0,stabil
4253.18,66.0,menengah
6981.03,55.0,menengah
10483.93,57.0,stabil
9588.07,34.0,stabil
1238.1099999999997,47.0,menengah
1244.9300000000003,22.0,rendah
1040.25,26.0,rendah
5757.67,78.0,menengah
1712.65,27.0,rendah
1544.88,25.0,rendah
13293.829999999998,60.0,stabil
8839.67,30.0,stabil
6239.89,56.0,menengah
8459.18,32.0,stabil
9073.17,65.0,stabil
7561.33,78.0,menengah
694.0299999999997,21.0,rendah
2276.57,50.0,menengah
2791.12,28.0,rendah
9808.97,28.0,stabil
6324.09,57.0,menengah
13406.0,70.0,stabil
6581.55,51.0,menengah
3140.79,64.0,menengah
10357.26,30.0,stabil
461.8299999999999,21.0,rendah
5670.0,53.0,menengah
4040.32,79.0,menengah
220.51000000000022,20.0,rendah
3634.76,62.0,menengah
7180.48,39.0,stabil
1389.71,75.0,menengah
5002.7,78.0,menengah
9239.12,20.0,stabil
666.4200000000001,24.0,rendah
11351.64,51.0,stabil
7234.15,43.0,stabil
2049.51,27.0,rendah
8865.27,68.0,menengah
3908.47,18.0,rendah
5587.44,26.0,rendah
438.75,50.0,menengah
609.6000000000004,28.0,rendah
2393.73,68.0,menengah
3914.84,54.0,menengah
818.3599999999997,28.0,rendah
304.4399999999996,18.0,rendah
9553.42,30.0,stabil
3034.67,59.0,menengah
5515.32,43.0,stabil
1677.0100000000002,36.0,rendah
4055.55,53.0,menengah
9899.94,33.0,stabil
756.7399999999998,18.0,rendah
2620.74,43.0,rendah
11090.24,30.0,stabil
2174.16,64.0,menengah
7854.1,46.0,stabil
8253.65,49.0,stabil
874.1499999999996,18.0,rendah
6043.25,31.0,rendah
2766.12,37.0,rendah
8171.26,56.0,stabil
5401.21,33.0,rendah
3548.02,27.0,rendah
160.82999999999993,27.0,rendah
752.25,24.0,rendah
2459.84,39.0,rendah
469.1199999999999,41.0,rendah
8441.61,61.0,stabil
3806.16,60.0,menengah
6133.41,46.0,stabil
8802.97,47.0,stabil
14881.77,68.0,stabil
1106.3400000000001,63.0,menengah
5005.33,53.0,menengah
7949.03,58.0,stabil
259.77000000000044,26.0,rendah
2114.3,49.0,menengah
5495.3,51.0,menengah
8461.46,50.0,stabil
6870.84,52.0,stabil
5058.83,49.0,menengah
8885.0,31.0,stabil
530.8099999999995,24.0,rendah
9379.53,23.0,stabil
6475.13,59.0,menengah
319.03999999999996,34.0,rendah
5298.85,41.0,stabil
490.5699999999997,21.0,rendah
11310.27,67.0,stabil
3988.75,62.0,menengah
7484.32,51.0,stabil
4815.11,58.0,menengah
5963.1,51.0,menengah
10427.0,52.0,stabil
296.47000000000025,21.0,rendah
1100.0599999999995,65.0,menengah
910.2600000000002,19.0,rendah
6684.34,29.0,stabil
8524.09,40.0,stabil
5126.65,53.0,menengah
873.8900000000003,22.0,rendah
7059.77,57.0,menengah
11991.24,58.0,stabil
8086.04,18.0,stabil
12626.49,63.0,stabil
1730.2799999999997,75.0,menengah
3143.17,44.0,menengah
1242.4899999999998,27.0,rendah
1886.3599999999997,55.0,menengah
416.8900000000003,26.0,rendah
5929.08,53.0,menengah
479.0799999999999,23.0,rendah
5862.99,33.0,rendah
797.1000000000004,27.0,rendah
7287.94,65.0,menengah
5624.86,59.0,menengah
2988.41,39.0,rendah
2712.96,53.0,menengah
1433.6599999999999,24.0,rendah
7336.56,30.0,stabil
475.6300000000001,18.0,rendah
11698.15,65.0,stabil
1034.35,21.0,rendah
12042.79,64.0,stabil
518.54,26.0,rendah
1258.9300000000003,23.0,rendah
9127.65,68.0,menengah
4471.05,34.0,rendah
6214.54,29.0,rendah
1187.04,24.0,rendah
354.89999999999964,36.0,rendah
791.46,35.0,rendah
5878.89,52.0,menengah
533.1999999999998,20.0,rendah
897.9400000000005,24.0,rendah
9159.56,30.0,stabil
4392.73,45.0,menengah
1390.98,58.0,menengah
2008.77,40.0,rendah
6356.96,30.0,stabil
6009.12,64.0,menengah
7896.85,76.0,menengah
1649.4300000000003,24.0,rendah
2840.43,67.0,menengah
3274.96,57.0,menengah
6501.56,73.0,menengah
363.9200000000001,26.0,rendah
9748.48,27.0,stabil
1404.5299999999997,19.0,rendah
706.4400000000005,21.0,rendah
5095.73,44.0,menengah
3059.79,65.0,menengah
7844.23,33.0,stabil
1119.6099999999992,28.0,rendah
5313.97,58.0,menengah
6227.99,31.0,stabil
6810.94,60.0,menengah
1457.0699999999997,55.0,menengah
813.6800000000003,22.0,rendah
1518.8199999999997,27.0,rendah
10269.78,50.0,stabil
672.79,42.0,rendah
6024.8,61.0,menengah
2158.59,56.0,menengah
6011.8,43.0,stabil
6372.58,73.0,menengah
2569.56,57.0,menengah
10585.48,61.0,stabil
717.9899999999998,52.0,menengah
3689.65,72.0,menengah
1512.1599999999999,28.0,rendah
14389.45,64.0,stabil
9800.21,36.0,stabil
7014.69,74.0,menengah
3520.61,79.0,menengah
4913.42,80.0,menengah
9155.35,38.0,stabil
2567.53,46.0,menengah
3779.47,53.0,menengah
4177.65,68.0,menengah
7284.76,28.0,stabil
6530.59,66.0,menengah
7895.54,44.0,stabil
6781.3,54.0,menengah
2091.78,29.0,rendah
11108.39,41.0,stabil
9088.36,35.0,stabil
4671.69,53.0,menengah
7534.73,37.0,stabil
6353.14,29.0,rendah
13587.52,63.0,stabil
1351.2399999999998,74.0,menengah
2797.26,28.0,rendah
1222.77,21.0,rendah
3728.04,57.0,menengah
6067.44,57.0,menengah
4292.16,63.0,menengah
3801.82,56.0,menengah
6353.22,64.0,menengah
1251.85,23.0,rendah
11869.71,44.0,stabil
9409.43,29.0,stabil
6003.59,80.0,menengah
817.8299999999999,50.0,menengah
3663.64,80.0,menengah
319.64999999999964,28.0,rendah
478.22999999999956,40.0,rendah
13446.81,44.0,stabil
8012.81,53.0,stabil
4201.22,68.0,menengah
8870.89,18.0,stabil
906.1999999999998,27.0,rendah
9286.37,46.0,stabil
2224.08,70.0,menengah
14639.28,67.0,stabil
9733.59,45.0,stabil
2756.2,29.0,rendah
6655.15,36.0,stabil
3233.87,55.0,menengah
1676.5699999999997,20.0,rendah
8371.11,54.0,stabil
2611.64,65.0,menengah
552.0599999999995,18.0,rendah
6017.36,60.0,menengah
7281.46,34.0,stabil
6847.47,26.0,stabil
13017.7,58.0,stabil
7597.66,26.0,stabil
7330.31,63.0,menengah
6711.78,52.0,menengah
2248.06,54.0,menengah
3524.68,70.0,menengah
8332.58,58.0,stabil
1814.48,22.0,rendah
3886.77,37.0,rendah
7591.13,79.0,menengah
1484.31,57.0,menengah
9385.57,66.0,stabil
4202.92,79.0,menengah
4813.12,66.0,menengah
9716.68,18.0,stabil
1980.62,24.0,rendah
10216.25,41.0,stabil
944.8299999999999,22.0,rendah
7469.2,42.0,stabil
13389.16,68.0,stabil
8475.47,52.0,stabil
991.6900000000005,23.0,rendah
6953.8,63.0,menengah
1370.0299999999997,34.0,rendah
14851.28,46.0,stabil
11505.35,34.0,stabil
914.2799999999997,26.0,rendah
9955.88,36.0,stabil
4732.81,64.0,menengah
530.8599999999997,20.0,rendah
3807.84,73.0,menengah
320.25,21.0,rendah
12033.92,55.0,stabil
6109.55,61.0,menengah
1691.88,20.0,rendah
1697.67,18.0,rendah
8359.5,55.0,stabil
1629.12,26.0,rendah
6100.08,42.0,stabil
13872.03,45.0,stabil
10095.23,32.0,stabil
1504.9899999999998,21.0,rendah
13182.11,32.0,stabil
4330.04,46.0,menengah
905.25,29.0,rendah
6972.5,38.0,stabil
3553.69,78.0,menengah
6164.65,69.0,menengah
9626.14,28.0,stabil
6364.14,55.0,menengah
4351.83,77.0,menengah
5773.5,56.0,menengah
9257.04,30.0,stabil
6335.58,68.0,menengah
5403.79,49.0,menengah
8135.31,31.0,stabil
9798.26,45.0,stabil
137.42000000000007,21.0,rendah
7015.46,60.0,menengah
2356.71,41.0,rendah
4294.44,75.0,menengah
9251.38,49.0,stabil
7542.74,55.0,stabil
9880.71,26.0,stabil
6189.24,52.0,menengah
12540.18,51.0,stabil
4586.11,53.0,menengah
1519.38,65.0,menengah
1447.2600000000002,19.0,rendah
1131.4199999999996,23.0,rendah
10278.75,68.0,stabil
535.1499999999996,30.0,rendah
859.8599999999997,18.0,rendah
13891.47,29.0,stabil
1545.77,20.0,rendah
1046.7399999999993,18.0,rendah
2840.45,42.0,rendah
6216.77,69.0,menengah
10141.92,51.0,stabil
1404.06,22.0,rendah
7795.79,27.0,stabil
3886.65,37.0,rendah
1560.4499999999998,21.0,rendah
13566.58,33.0,stabil
4749.54,72.0,menengah
1044.33,18.0,rendah
2012.2399999999998,73.0,menengah
2487.2,48.0,menengah
14977.99,37.0,stabil
1969.48,27.0,rendah
7001.2,78.0,menengah
2525.25,64.0,menengah
7457.94,35.0,stabil
5386.52,46.0,menengah
1690.23,18.0,rendah
3114.92,28.0,rendah
3466.74,70.0,menengah
9942.24,62.0,stabil
9791.74,29.0,stabil
6824.0,44.0,stabil
8583.39,38.0,stabil
1488.65,20.0,rendah
5583.88,19.0,rendah
1357.2200000000003,25.0,rendah
10553.23,65.0,stabil
1619.6,25.0,rendah
9475.4,49.0,stabil
8656.18,31.0,stabil
207.73999999999978,62.0,menengah
949.3800000000001,22.0,rendah
1996.38,23.0,rendah
8836.51,55.0,stabil
14330.47,30.0,stabil
5368.42,46.0,menengah
8616.05,57.0,stabil
5906.58,41.0,stabil
7863.6,63.0,menengah
2254.71,33.0,rendah
6983.04,30.0,stabil
9697.75,36.0,stabil
5909.52,78.0,menengah
7847.62,44.0,stabil
4543.56,79.0,menengah
1307.23,19.0,rendah
1819.9099999999999,23.0,rendah
577.6700000000001,25.0,rendah
7802.36,57.0,stabil
2596.61,62.0,menengah
2406.31,50.0,menengah
402.4499999999998,41.0,rendah
1238.4300000000003,27.0,rendah
796.3500000000004,18.0,rendah
7888.76,47.0,stabil
4658.89,61.0,menengah
5009.29,63.0,menengah
1822.3400000000001,52.0,menengah
5346.46,39.0,stabil
10704.95,31.0,stabil
2434.74,33.0,rendah
6568.07,27.0,rendah
2791.45,52.0,menengah
658.9099999999999,57.0,menengah
1346.88,28.0,rendah
3022.12,73.0,menengah
1582.5500000000002,27.0,rendah
14395.88,66.0,stabil
1741.1,20.0,rendah
1061.69,64.0,menengah
7192.45,41.0,stabil
9923.45,58.0,stabil
10915.11,58.0,stabil
719.5200000000004,22.0,rendah
7128.82,55.0,menengah
9028.49,59.0,stabil
4656.94,79.0,menengah
6990.64,35.0,stabil
6366.43,66.0,menengah
1382.62,26.0,rendah
14350.11,66.0,stabil
12990.77,68.0,stabil
4835.91,51.0,menengah
2154.58,60.0,menengah
14833.34,34.0,stabil
5061.3,57.0,menengah
7225.06,72.0,menengah
2607.58,79.0,menengah
11538.97,60.0,stabil
2834.84,76.0,menengah
7822.73,38.0,stabil
7604.9,58.0,menengah
1480.3900000000003,57.0,menengah
13696.31,68.0,stabil
12344.9,64.0,stabil
8630.99,31.0,stabil
2202.62,45.0,rendah
14409.74,44.0,stabil
4894.25,79.0,menengah
8981.61,24.0,stabil
3791.99,34.0,rendah
690.1599999999999,27.0,rendah
6777.12,70.0,menengah
5449.37,76.0,menengah
13779.97,36.0,stabil
9648.6,49.0,stabil
1029.1499999999996,28.0,rendah
3656.62,51.0,menengah
6710.51,41.0,stabil
1778.75,26.0,rendah
5191.13,23.0,rendah
14847.97,55.0,stabil
5238.37,63.0,menengah
10238.82,51.0,stabil
7491.42,73.0,menengah
2116.36,51.0,menengah
972.04,58.0,menengah
6430.86,26.0,rendah
14077.97,68.0,stabil
3990.6,64.0,menengah
961.6499999999996,22.0,rendah
703.2600000000002,24.0,rendah
1156.67,58.0,menengah
1356.4700000000003,46.0,rendah
1305.06,25.0,rendah
261.97000000000025,25.0,rendah
9500.79,59.0,stabil
1210.3300000000004,25.0,rendah
337.6199999999999,31.0,rendah
1806.6800000000003,27.0,rendah
6323.45,54.0,menengah
7155.95,42.0,stabil
7896.14,62.0,menengah
591.2299999999996,22.0,rendah
2583.07,62.0,menengah
234.40999999999985,43.0,rendah
4735.61,37.0,rendah
6617.52,69.0,menengah
816.0100000000002,22.0,rendah
7393.11,52.0,stabil
13510.11,56.0,stabil
4466.1,79.0,menengah
7474.31,54.0,stabil
7225.63,68.0,menengah
7255.49,46.0,stabil
11417.91,65.0,stabil
1040.4300000000003,25.0,rendah
6039.04,69.0,menengah
3498.58,32.0,rendah
6628.75,67.0,menengah
10156.09,62.0,stabil
521.8800000000001,18.0,rendah
9165.02,28.0,stabil
6704.76,27.0,stabil
6384.05,77.0,menengah
6095.65,62.0,menengah
1008.7600000000002,18.0,rendah
4381.24,45.0,menengah
1382.8000000000002,20.0,rendah
7380.63,26.0,stabil
1981.67,63.0,menengah
7036.72,39.0,stabil
3707.82,30.0,rendah
2040.1599999999999,42.0,rendah
267.52999999999975,27.0,rendah
2617.23,26.0,rendah
8883.4,37.0,stabil
1660.6599999999999,63.0,menengah
2011.6,67.0,menengah
4309.9,79.0,menengah
362.39999999999964,31.0,rendah
836.6900000000005,52.0,menengah
1913.06,28.0,rendah
563.46,19.0,rendah
6133.22,32.0,stabil
1068.2799999999993,25.0,rendah
2037.75,71.0,menengah
221.78999999999996,26.0,rendah
1127.54,24.0,rendah
2061.61,56.0,menengah
9326.28,51.0,stabil
2240.49,36.0,rendah
6579.37,74.0,menengah
1876.35,58.0,menengah
1664.5900000000001,23.0,rendah
6910.18,54.0,menengah
1319.85,34.0,rendah
6095.5,63.0,menengah
2420.86,55.0,menengah
359.0600000000004,21.0,rendah
3128.71,75.0,menengah
7587.48,54.0,stabil
290.59000000000015,26.0,rendah
7707.96,47.0,stabil
4735.41,63.0,menengah
6165.03,18.0,rendah
1637.75,21.0,rendah
585.5200000000004,24.0,rendah
5481.76,58.0,menengah
1982.9,28.0,rendah
5766.96,65.0,menengah
7139.11,26.0,stabil
4732.57,62.0,menengah
2293.13,35.0,rendah
2870.67,30.0,rendah
6885.16,56.0,menengah
5500.56,44.0,menengah
5609.44,39.0,stabil
1228.9300000000003,65.0,menengah
192.6300000000001,27.0,rendah
6590.28,32.0,stabil
13485.0,30.0,stabil
6472.5,53.0,menengah
2571.39,28.0,rendah
676.1000000000004,54.0,menengah
12352.2,56.0,stabil
8765.38,29.0,stabil
1590.88,24.0,rendah
7375.73,54.0,stabil
1845.1800000000003,20.0,rendah
1382.5100000000002,53.0,menengah
7508.98,74.0,menengah
3901.82,22.0,rendah
4792.01,32.0,rendah
6887.52,42.0,stabil
8643.51,28.0,stabil
887.3199999999997,22.0,rendah
7174.69,25.0,stabil
2679.91,48.0,menengah
4315.07,60.0,menengah
8853.93,45.0,stabil
1088.6200000000003,61.0,menengah
1442.29,53.0,menengah
3798.09,52.0,menengah
9951.68,28.0,stabil
9567.94,52.0,stabil
2669.66,37.0,rendah
9630.0,31.0,stabil
1307.8599999999997,19.0,rendah
1916.46,28.0,rendah
167.27999999999975,20.0,rendah
10790.8,68.0,stabil
9977.49,31.0,stabil
14563.02,35.0,stabil
614.1400000000003,28.0,rendah
603.79,24.0,rendah
2197.12,51.0,menengah
8994.39,37.0,stabil
3224.6,79.0,menengah
4336.4,63.0,menengah
800.8299999999999,59.0,menengah
8821.84,47.0,stabil
3173.17,64.0,menengah
3299.84,76.0,menengah
421.4399999999996,21.0,rendah
1035.2200000000007,53.0,menengah
9724.49,53.0,stabil
7910.3,61.0,menengah
6041.69,65.0,menengah
8436.12,50.0,stabil
7125.15,62.0,menengah
239.1199999999999,19.0,rendah
4378.14,67.0,menengah
14576.47,41.0,stabil
701.7299999999996,21.0,rendah
10922.78,41.0,stabil
642.0,24.0,rendah
7707.96,52.0,stabil
13267.09,46.0,stabil
3582.16,62.0,menengah
921.9099999999999,25.0,rendah
5788.53,35.0,stabil
4515.43,36.0,rendah
7551.89,76.0,menengah
14489.69,65.0,stabil
13991.5,31.0,stabil
185.8699999999999,53.0,menengah
726.3900000000003,18.0,rendah
7458.63,76.0,menengah
3065.87,61.0,menengah
9379.72,46.0,stabil
13696.61,59.0,stabil
3743.63,62.0,menengah
14343.0,42.0,stabil
2882.16,36.0,rendah
5631.2,79.0,menengah
4574.43,77.0,menengah
1242.62,24.0,rendah
352.3100000000004,25.0,rendah
3100.22,77.0,menengah
4707.24,60.0,menengah
7950.48,72.0,menengah
7954.12,54.0,stabil
5946.61,67.0,menengah
6650.71,57.0,menengah
1268.67,28.0,rendah
8287.54,53.0,stabil
12948.5,34.0,stabil
4746.71,55.0,menengah
5334.97,27.0,rendah
1765.4499999999998,55.0,menengah
427.3000000000002,19.0,rendah
6285.39,67.0,menengah
1406.6,51.0,menengah
1075.15,28.0,rendah
5958.34,77.0,menengah
791.9700000000003,23.0,rendah
1726.4,27.0,rendah
8992.25,46.0,stabil
7816.41,60.0,menengah
8271.47,62.0,menengah
636.4200000000001,22.0,rendah
2290.1,40.0,rendah
9968.49,32.0,stabil
167.72000000000025,28.0,rendah
7581.7,31.0,stabil
4111.38,50.0,menengah
1680.1400000000003,28.0,rendah
5715.08,66.0,menengah
5897.73,47.0,menengah
5239.24,55.0,menengah
7788.91,58.0,menengah
3898.64,79.0,menengah
1214.9300000000003,26.0,rendah
927.4700000000003,20.0,rendah
914.1599999999999,23.0,rendah
9695.04,23.0,stabil
8647.04,63.0,stabil
1292.1,52.0,menengah
392.34000000000015,21.0,rendah
9877.17,60.0,stabil
12059.85,58.0,stabil
6643.24,61.0,menengah
9903.48,57.0,stabil
151.42000000000007,22.0,rendah
2850.92,41.0,rendah
10679.67,30.0,stabil
10652.13,51.0,stabil
569.25,24.0,rendah
954.8299999999999,24.0,rendah
1831.1999999999998,76.0,menengah
9274.64,28.0,stabil
9384.54,36.0,stabil
1483.8400000000001,67.0,menengah
1968.3599999999997,66.0,menengah
4203.05,53.0,menengah
959.9400000000005,19.0,rendah
271.6400000000003,22.0,rendah
12571.76,41.0,stabil
8627.08,22.0,stabil
524.46,18.0,rendah
422.3199999999997,28.0,rendah
12961.530000000002,66.0,stabil
6381.6,68.0,menengah
117.97999999999956,28.0,rendah
1715.2200000000003,57.0,menengah
5599.81,29.0,rendah
7904.24,61.0,menengah
1490.44,49.0,menengah
1532.7200000000003,56.0,menengah
5976.0,18.0,rendah
1673.7600000000002,19.0,rendah
3290.72,76.0,menengah
3030.97,26.0,rendah
369.8599999999997,20.0,rendah
6570.36,58.0,menengah
2264.98,76.0,menengah
5029.87,75.0,menengah
12327.74,62.0,stabil
420.25,20.0,rendah
6499.53,41.0,stabil
5172.99,62.0,menengah
8981.1,54.0,stabil
7915.0,34.0,stabil
500.84000000000015,27.0,rendah
13784.4,43.0,stabil
7392.79,62.0,menengah
1134.7900000000004,26.0,rendah
14765.41,34.0,stabil
745.8699999999999,27.0,rendah
5360.19,68.0,menengah
5878.14,72.0,menengah
5889.51,56.0,menengah
4381.54,33.0,rendah
8478.46,49.0,stabil
185.47000000000025,26.0,rendah
2443.54,43.0,rendah
699.8999999999996,23.0,rendah
4739.59,27.0,rendah
12893.85,49.0,stabil
2402.58,65.0,menengah
7626.53,59.0,menengah
1014.6300000000001,52.0,menengah
1358.54,28.0,rendah
1602.13,23.0,rendah
1105.8900000000008,27.0,rendah
1731.8900000000003,61.0,menengah
8692.47,29.0,stabil
12578.75,53.0,stabil
1712.4099999999999,67.0,menengah
3485.03,78.0,menengah
1146.7800000000002,78.0,menengah
6393.12,50.0,menengah
680.5500000000002,40.0,rendah
7037.34,70.0,menengah
12991.03,69.0,stabil
105.01000000000022,28.0,rendah
1360.85,32.0,rendah
1649.92,25.0,rendah
5237.36,52.0,menengah
14348.65,33.0,stabil
5625.55,67.0,menengah
3438.02,41.0,rendah
10668.24,29.0,stabil
2018.9,49.0,menengah
9500.95,59.0,stabil
2472.99,55.0,menengah
6522.47,38.0,stabil
1223.4499999999998,20.0,rendah
778.7399999999998,39.0,rendah
2246.15,61.0,menengah
219.52999999999975,25.0,rendah
12896.06,38.0,stabil
8697.11,30.0,stabil
6414.11,66.0,menengah
5767.51,64.0,menengah
2815.86,68.0,menengah
2991.17,55.0,menengah
224.64999999999964,48.0,rendah
1236.7600000000002,20.0,rendah
13586.99,60.0,stabil
7117.35,26.0,stabil
7235.87,61.0,menengah
7318.64,72.0,menengah
9847.6,43.0,stabil
2968.75,80.0,menengah
9323.71,31.0,stabil
1764.08,18.0,rendah
5683.49,75.0,menengah
5225.73,33.0,rendah
6445.4,63.0,menengah
289.71000000000004,24.0,rendah
9200.74,51.0,stabil
300.8699999999999,25.0,rendah
743.8999999999996,48.0,menengah
1200.35,21.0,rendah
1562.3900000000003,56.0,menengah
7719.71,49.0,stabil
2610.67,54.0,menengah
2060.02,66.0,menengah
1833.67,20.0,rendah
5396.65,71.0,menengah
12995.7,57.0,stabil
7616.43,40.0,stabil
12500.8,35.0,stabil
1127.0800000000004,19.0,rendah
3621.98,76.0,menengah
5212.28,49.0,menengah
2727.45,58.0,menengah
5117.03,49.0,menengah
6089.79,26.0,rendah
2618.1,58.0,menengah
11988.12,31.0,stabil
3841.42,55.0,menengah
321.21000000000004,28.0,rendah
9754.73,37.0,stabil
9584.52,57.0,stabil
7624.56,31.0,stabil
2485.73,47.0,menengah
2137.9,36.0,rendah
6412.85,30.0,stabil
707.25,23.0,rendah
8300.54,48.0,stabil
7717.34,45.0,stabil
6967.03,39.0,stabil
5158.6,54.0,menengah
12031.14,67.0,stabil
7093.68,73.0,menengah
8539.86,29.0,stabil
7640.57,59.0,menengah
1292.21,24.0,rendah
5958.75,63.0,menengah
708.7399999999998,25.0,rendah
1744.4,28.0,rendah
273.77999999999975,25.0,rendah
130.76000000000022,25.0,rendah
10389.6,49.0,stabil
1048.1800000000003,63.0,menengah
12896.68,32.0,stabil
8208.54,43.0,stabil
5244.49,38.0,rendah
11935.14,37.0,stabil
1484.7600000000002,24.0,rendah
6513.34,23.0,rendah
13801.15,35.0,stabil
12958.65,68.0,stabil
9588.71,32.0,stabil
3475.99,49.0,menengah
7544.4,29.0,stabil
1193.6099999999992,19.0,rendah
12063.77,33.0,stabil
892.8299999999999,27.0,rendah
1230.12,54.0,menengah
1479.67,18.0,rendah
1265.2799999999997,54.0,menengah
3228.87,76.0,menengah
1111.67,19.0,rendah
3213.16,56.0,menengah
12719.93,63.0,stabil
2040.77,63.0,menengah
1309.85,20.0,rendah
164.60999999999967,25.0,rendah
4230.37,49.0,menengah
761.0,27.0,rendah
2923.83,67.0,menengah
7372.47,61.0,menengah
871.1000000000004,39.0,rendah
3023.16,45.0,menengah
1119.21,19.0,rendah
11833.73,60.0,stabil
6400.59,68.0,menengah
13884.24,63.0,stabil
620.8299999999999,19.0,rendah
1938.0100000000002,19.0,rendah
964.79,19.0,rendah
1870.1599999999999,56.0,menengah
5577.94,34.0,rendah
8700.8,36.0,stabil
2794.66,60.0,menengah
6169.71,45.0,stabil
831.75,25.0,rendah
2451.56,53.0,menengah
13625.52,34.0,stabil
1379.3900000000003,20.0,rendah
11498.01,62.0,stabil
865.4899999999998,25.0,rendah
7147.4,76.0,menengah
7833.85,35.0,stabil
4840.67,80.0,menengah
7361.47,70.0,menengah
5128.44,45.0,menengah
12381.45,62.0,stabil
4008.05,29.0,rendah
3493.13,43.0,rendah
6462.41,77.0,menengah
4625.12,42.0,menengah
6470.57,48.0,stabil
4854.83,48.0,menengah
12652.22,48.0,stabil
11705.88,68.0,stabil
932.6099999999997,35.0,rendah
11613.58,61.0,stabil
1068.5500000000002,25.0,rendah
1616.3000000000002,28.0,rendah
471.27999999999975,23.0,rendah
106.85999999999967,21.0,rendah
2457.1,72.0,menengah
5882.12,69.0,menengah
1938.9899999999998,55.0,menengah
4079.09,57.0,menengah
860.1199999999999,28.0,rendah
7811.31,68.0,menengah
1181.8400000000006,24.0,rendah
10915.54,58.0,stabil
1670.7200000000003,19.0,rendah
1121.1899999999996,20.0,rendah
5621.86,53.0,menengah
8873.43,56.0,stabil
6990.92,41.0,stabil
7831.56,60.0,menengah
6173.23,51.0,menengah
9523.72,56.0,stabil
6420.47,33.0,stabil
1146.0900000000001,23.0,rendah
6430.41,35.0,stabil
1635.0500000000002,28.0,rendah
6697.79,66.0,menengah
7369.89,58.0,menengah
6903.68,40.0,stabil
11748.86,65.0,stabil
7303.23,42.0,stabil
10619.35,29.0,stabil
1794.5,54.0,menengah
12970.21,59.0,stabil
120.89000000000033,56.0,menengah
5692.31,67.0,menengah
9879.87,50.0,stabil
6266.65,64.0,menengah
14268.95,31.0,stabil
6449.83,52.0,menengah
6741.41,60.0,menengah
1008.4400000000005,25.0,rendah
1711.7799999999997,23.0,rendah
1821.0,26.0,rendah
5107.75,77.0,menengah
5229.95,33.0,rendah
339.15999999999985,20.0,rendah
10442.48,32.0,stabil
4324.4,63.0,menengah
6292.29,55.0,menengah
269.0100000000002,21.0,rendah
5379.25,78.0,menengah
1334.0900000000001,64.0,menengah
6366.84,53.0,menengah
1839.1,22.0,rendah
3966.54,53.0,menengah
9983.36,33.0,stabil
4577.09,66.0,menengah
7458.03,65.0,menengah
6397.29,32.0,stabil
6345.03,49.0,menengah
6034.73,30.0,rendah
765.8099999999995,53.0,menengah
9826.26,55.0,stabil
3736.38,45.0,menengah
646.8500000000004,27.0,rendah
6385.12,72.0,menengah
4161.71,57.0,menengah
11079.77,51.0,stabil
10017.11,69.0,stabil
1644.0900000000001,26.0,rendah
387.64999999999964,28.0,rendah
528.3800000000001,18.0,rendah
7530.3,55.0,stabil
10887.59,62.0,stabil
7104.61,59.0,menengah
7307.11,61.0,menengah
349.97999999999956,20.0,rendah
2284.41,60.0,menengah
1918.3599999999997,22.0,rendah
503.0100000000002,22.0,rendah
1216.9099999999999,37.0,rendah
1071.04,18.0,rendah
187.89999999999964,21.0,rendah
7145.67,72.0,menengah
1493.88,28.0,rendah
8658.95,41.0,stabil
164.1199999999999,28.0,rendah
7089.9,53.0,stabil
841.6499999999996,21.0,rendah
5677.05,71.0,menengah
1658.4899999999998,26.0,rendah
10171.68,63.0,stabil
13847.99,64.0,stabil
3688.98,51.0,menengah
5619.95,52.0,menengah
342.0799999999999,20.0,rendah
4702.86,53.0,menengah
12703.24,59.0,stabil
6659.81,73.0,menengah
7860.65,42.0,stabil
1275.1999999999998,55.0,menengah
1265.27,26.0,rendah
12841.01,37.0,stabil
1241.5900000000001,22.0,rendah
874.9300000000003,25.0,rendah
5716.72,48.0,menengah
1541.48,62.0,menengah
14817.22,49.0,stabil
2587.11,32.0,rendah
173.69999999999982,55.0,menengah
11847.07,49.0,stabil
11146.74,33.0,stabil
369.78999999999996,49.0,menengah
6396.08,75.0,menengah
4840.31,52.0,menengah
1334.6,29.0,rendah
2774.35,32.0,rendah
1368.0,27.0,rendah
4536.38,67.0,menengah
1293.3900000000003,21.0,rendah
441.53999999999996,26.0,rendah
8485.14,34.0,stabil
999.6199999999999,24.0,rendah
14273.42,55.0,stabil
1863.6999999999998,22.0,rendah
8640.56,20.0,stabil
259.4399999999996,57.0,menengah
5526.97,31.0,rendah
929.6000000000004,23.0,rendah
5335.44,21.0,rendah
587.1199999999999,26.0,rendah
4760.34,47.0,menengah
1594.04,26.0,rendah
13777.79,68.0,stabil
1794.65,74.0,menengah
7677.76,66.0,menengah
7071.32,80.0,menengah
7525.73,78.0,menengah
2989.25,56.0,menengah
7620.6,64.0,menengah
5549.2,71.0,menengah
6782.61,31.0,stabil
1968.5100000000002,28.0,rendah
5340.73,56.0,menengah
3267.84,51.0,menengah
6941.47,69.0,menengah
7567.2,67.0,menengah
7001.25,31.0,stabil
1983.65,70.0,menengah
686.9099999999999,20.0,rendah
213.35999999999967,28.0,rendah
1443.02,22.0,rendah
8450.84,52.0,stabil
7996.7,61.0,menengah
5567.98,30.0,rendah
1262.6800000000003,67.0,menengah
1697.2799999999997,23.0,rendah
2591.65,58.0,menengah
12002.16,60.0,stabil
8726.92,57.0,stabil
5415.64,73.0,menengah
3736.57,59.0,menengah
1225.69,19.0,rendah
14829.85,50.0,stabil
1277.6999999999998,28.0,rendah
454.65999999999985,20.0,rendah
1519.5100000000002,20.0,rendah
8045.77,46.0,stabil
1331.3000000000002,24.0,rendah
1843.5699999999997,25.0,rendah
6601.5,67.0,menengah
8422.2,56.0,stabil
7987.74,47.0,stabil
327.6800000000003,22.0,rendah
7372.81,40.0,stabil
2987.97,49.0,menengah
1619.54,53.0,menengah
1204.65,22.0,rendah
4630.58,28.0,rendah
1380.3400000000001,24.0,rendah
14304.38,36.0,stabil
3215.76,49.0,menengah
1022.94,24.0,rendah
2610.64,69.0,menengah
9451.66,55.0,stabil
1244.17,53.0,menengah
12815.24,54.0,stabil
9933.56,31.0,stabil
921.2299999999996,23.0,rendah
6009.43,56.0,menengah
602.3599999999997,45.0,rendah
1769.33,18.0,rendah
2570.34,63.0,menengah
3240.14,69.0,menengah
1229.3199999999997,73.0,menengah
8019.89,65.0,menengah
14328.29,53.0,stabil
330.15999999999985,27.0,rendah
1595.2600000000002,19.0,rendah
7413.18,75.0,menengah
2563.91,61.0,menengah
10724.95,33.0,stabil
2969.71,34.0,rendah
761.7799999999997,28.0,rendah
6229.36,54.0,menengah
2552.54,63.0,menengah
1033.73,22.0,rendah
1919.9700000000003,25.0,rendah
1893.44,79.0,menengah
1783.04,25.0,rendah
852.9799999999996,29.0,rendah
1123.8899999999999,21.0,rendah
1817.65,22.0,rendah
5463.94,63.0,menengah
477.02999999999975,20.0,rendah
8874.01,59.0,stabil
5365.2,63.0,menengah
7858.41,26.0,stabil
7216.3,76.0,menengah
13558.56,62.0,stabil
7872.04,49.0,stabil
5200.04,72.0,menengah
1779.85,18.0,rendah
13264.14,58.0,stabil
467.39999999999964,19.0,rendah
9873.62,29.0,stabil
1257.9,22.0,rendah
6067.54,77.0,menengah
5169.07,79.0,menengah
6878.86,77.0,menengah
558.9899999999998,23.0,rendah
1400.04,27.0,rendah
912.71,27.0,rendah
6338.35,36.0,stabil
13645.63,40.0,stabil
4909.24,76.0,menengah
570.1000000000004,25.0,rendah
11749.77,45.0,stabil
6118.2,52.0,menengah
4383.69,60.0,menengah
4004.55,41.0,rendah
373.8800000000001,25.0,rendah
6851.16,68.0,menengah
9700.77,30.0,stabil
6853.51,55.0,menengah
948.6999999999998,28.0,rendah
12221.17,46.0,stabil
6500.5,32.0,stabil
9927.75,45.0,stabil
2138.42,67.0,menengah
3908.65,57.0,menengah
11041.9,42.0,stabil
379.8199999999997,24.0,rendah
3921.74,51.0,menengah
7659.99,75.0,menengah
664.7200000000003,21.0,rendah
1167.2500000000005,21.0,rendah
5896.01,59.0,menengah
1123.7500000000005,63.0,menengah
2039.4,62.0,menengah
1864.27,25.0,rendah
2325.78,72.0,menengah
5926.31,38.0,stabil
399.5699999999997,25.0,rendah
1916.3400000000001,78.0,menengah
2732.86,68.0,menengah
1115.3000000000002,22.0,rendah
7334.08,30.0,stabil
1024.19,19.0,rendah
10971.32,57.0,stabil
14631.88,45.0,stabil
14928.35,41.0,stabil
830.3699999999999,22.0,rendah
6408.8,23.0,rendah
1997.33,25.0,rendah
13084.27,44.0,stabil
5684.09,47.0,menengah
2760.37,75.0,menengah
868.9099999999999,19.0,rendah
5838.91,61.0,menengah
8937.35,67.0,menengah
8528.72,40.0,stabil
425.77000000000044,45.0,rendah
8459.26,64.0,menengah
2649.23,75.0,menengah
6659.12,54.0,menengah
11937.04,66.0,stabil
6794.17,39.0,stabil
2064.76,60.0,menengah
3139.75,65.0,menengah
202.6899999999996,21.0,rendah
4474.2,58.0,menengah
11471.87,64.0,stabil
1107.2799999999997,25.0,rendah
5526.28,29.0,rendah
9679.68,32.0,stabil
1033.9400000000005,77.0,menengah
1833.2399999999998,22.0,rendah
983.6800000000003,20.0,rendah
269.77999999999975,20.0,rendah
9801.48,37.0,stabil
888.6000000000004,19.0,rendah
290.2399999999998,18.0,rendah
958.6999999999998,25.0,rendah
1605.67,19.0,rendah
8590.5,60.0,stabil
5461.08,49.0,menengah
1804.5,25.0,rendah
7975.18,49.0,stabil
222.22000000000025,40.0,rendah
6857.2,37.0,stabil
2028.92,46.0,menengah
248.52000000000044,34.0,rendah
3019.04,59.0,menengah
1523.5699999999997,18.0,rendah
5571.39,80.0,menengah
1514.3400000000001,55.0,menengah
1817.4300000000003,61.0,menengah
6269.12,22.0,rendah
2281.9,61.0,menengah
2006.69,48.0,menengah
2189.38,58.0,menengah
11036.74,61.0,stabil
447.0600000000004,27.0,rendah
2104.74,53.0,menengah
5183.5,51.0,menengah
643.6400000000003,47.0,rendah
11011.86,46.0,stabil
951.3299999999999,46.0,rendah
2561.67,57.0,menengah
1549.27,21.0,rendah
3253.51,26.0,rendah
1338.9499999999998,45.0,rendah
3910.59,65.0,menengah
206.19999999999982,22.0,rendah
4361.44,18.0,rendah
572.9700000000003,21.0,rendah
4580.59,70.0,menengah
2990.05,51.0,menengah
5208.98,63.0,menengah
1025.9899999999998,67.0,menengah
13534.3,30.0,stabil
1461.17,39.0,rendah
6333.72,32.0,stabil
8551.6,48.0,stabil
4273.99,78.0,menengah
13054.54,61.0,stabil
4102.23,74.0,menengah
10462.77,42.0,stabil
6851.31,74.0,menengah
2421.94,78.0,menengah
4639.04,74.0,menengah
443.6199999999999,23.0,rendah
6312.79,48.0,stabil
1436.3199999999997,26.0,rendah
3279.12,61.0,menengah
6020.29,69.0,menengah
5925.98,59.0,menengah
1674.94,62.0,menengah
3733.52,48.0,menengah
2996.51,54.0,menengah
11666.18,40.0,stabil
7006.46,68.0,menengah
2735.84,37.0,rendah
1073.5099999999998,25.0,rendah
6996.35,71.0,menengah
4943.49,34.0,rendah
1665.58,24.0,rendah
998.4899999999998,20.0,rendah
8422.06,39.0,stabil
1285.42,21.0,rendah
8469.43,34.0,stabil
692.6900000000005,22.0,rendah
12319.26,53.0,stabil
9240.73,51.0,stabil
2854.66,36.0,rendah
2631.47,58.0,menengah
7465.95,24.0,stabil
1670.9899999999998,21.0,rendah
13913.92,43.0,stabil
7471.63,69.0,menengah
11123.65,36.0,stabil
7976.6,50.0,stabil
8046.94,66.0,menengah
14935.5,54.0,stabil
13486.15,69.0,stabil
526.6700000000001,21.0,rendah
4954.37,60.0,menengah
8942.58,68.0,menengah
4044.62,79.0,menengah
4148.85,65.0,menengah
11388.15,51.0,stabil
5347.57,52.0,menengah
1329.4499999999998,46.0,rendah
2475.65,50.0,menengah
1019.46,43.0,rendah
14321.73,40.0,stabil
2833.12,56.0,menengah
12148.32,61.0,stabil
14371.08,41.0,stabil
7947.44,46.0,stabil
6037.03,48.0,menengah
387.02000000000044,22.0,rendah
1081.9700000000003,19.0,rendah
729.6999999999998,18.0,rendah
2782.21,34.0,rendah
5245.93,50.0,menengah
1290.9499999999998,25.0,rendah
6494.25,32.0,stabil
4004.35,70.0,menengah
2525.47,68.0,menengah
11014.25,46.0,stabil
6275.0,50.0,menengah
1733.3400000000001,53.0,menengah
5294.98,68.0,menengah
5018.67,34.0,rendah
9844.32,60.0,stabil
712.1300000000001,26.0,rendah
6217.58,33.0,stabil
2229.56,57.0,menengah
9313.05,36.0,stabil
4618.53,52.0,menengah
6747.16,55.0,menengah
5134.37,78.0,menengah
2207.54,52.0,menengah
13336.15,67.0,stabil
1801.69,63.0,menengah
522.3900000000003,54.0,menengah
9381.64,54.0,stabil
2963.29,62.0,menengah
11523.64,57.0,stabil
12723.62,40.0,stabil
3920.11,69.0,menengah
7451.83,44.0,stabil
7061.58,62.0,menengah
985.7700000000004,28.0,rendah
4298.34,59.0,menengah
12799.34,56.0,stabil
811.2399999999998,21.0,rendah
13273.08,53.0,stabil
842.9400000000005,21.0,rendah
2471.53,49.0,menengah
1237.5,19.0,rendah
783.8299999999999,25.0,rendah
3931.03,49.0,menengah
960.96,24.0,rendah
7310.88,78.0,menengah
1385.7399999999998,73.0,menengah
7902.52,58.0,stabil
4405.28,71.0,menengah
3944.12,48.0,menengah
1523.04,20.0,rendah
8042.3,67.0,menengah
5531.93,33.0,rendah
560.7299999999996,21.0,rendah
1658.52,70.0,menengah
731.5200000000004,27.0,rendah
1389.8900000000003,29.0,rendah
5081.26,48.0,menengah
1000.3500000000004,27.0,rendah
1639.9,21.0,rendah
5473.82,67.0,menengah
1729.2600000000002,64.0,menengah
14798.1,51.0,stabil
7374.26,55.0,stabil
1231.98,19.0,rendah
6611.26,26.0,rendah
883.7200000000003,60.0,menengah
5055.99,79.0,menengah
7166.88,52.0,stabil
232.5600000000004,21.0,rendah
1236.38,25.0,rendah
802.0900000000001,21.0,rendah
1423.1999999999998,58.0,menengah
13388.56,51.0,stabil
2801.28,27.0,rendah
5545.96,52.0,menengah
4764.48,27.0,rendah
7868.19,27.0,stabil
1128.3800000000006,26.0,rendah
7627.04,60.0,menengah
4026.03,52.0,menengah
7095.76,77.0,menengah
1501.9499999999998,20.0,rendah
3656.93,48.0,menengah
3473.24,55.0,menengah
7061.73,64.0,menengah
6012.67,25.0,rendah
13694.68,31.0,stabil
9410.51,48.0,stabil
6115.63,53.0,menengah
5581.21,38.0,stabil
6712.94,69.0,menengah
8400.87,53.0,stabil
4644.19,60.0,menengah
1734.2200000000003,27.0,rendah
5237.12,69.0,menengah
969.0599999999995,33.0,rendah
5950.48,62.0,menengah
9962.5,36.0,stabil
9662.88,52.0,stabil
5243.0,66.0,menengah
1702.65,73.0,menengah
800.9300000000003,27.0,rendah
7231.47,60.0,menengah
1052.31,22.0,rendah
10721.29,58.0,stabil
13560.63,32.0,stabil
3138.0,70.0,menengah
9916.24,38.0,stabil
7941.73,75.0,menengah
3753.24,49.0,menengah
9733.83,31.0,stabil
5003.22,59.0,menengah
4087.44,54.0,menengah
4880.31,71.0,menengah
1310.38,57.0,menengah
2513.51,78.0,menengah
4475.22,23.0,rendah
6521.05,55.0,menengah
1615.04,56.0,menengah
1490.3400000000001,20.0,rendah
6601.44,80.0,menengah
8611.17,50.0,stabil
1929.2799999999997,28.0,rendah
5315.83,57.0,menengah
548.4499999999998,26.0,rendah
1931.6599999999999,25.0,rendah
1050.63,36.0,rendah
9963.39,19.0,stabil
1950.63,58.0,menengah
6295.45,40.0,stabil
4113.63,41.0,rendah
1451.02,21.0,rendah
1597.85,22.0,rendah
1256.33,27.0,rendah
7320.61,72.0,menengah
2150.38,57.0,menengah
2940.04,72.0,menengah
12801.93,49.0,stabil
4272.41,29.0,rendah
5399.76,74.0,menengah
2467.39,61.0,menengah
7537.4,27.0,stabil
7498.51,54.0,stabil
10506.41,29.0,stabil
6505.98,73.0,menengah
7568.4,55.0,stabil
546.46,18.0,rendah
1072.2500000000005,23.0,rendah
7273.55,69.0,menengah
11197.54,57.0,stabil
782.3500000000004,19.0,rendah
4444.95,76.0,menengah
10658.88,56.0,stabil
250.9300000000003,26.0,rendah
1729.02,23.0,rendah
1298.13,27.0,rendah
5828.48,27.0,rendah
7600.99,74.0,menengah
9603.73,56.0,stabil
4180.4,59.0,menengah
1268.44,23.0,rendah
9609.67,26.0,stabil
11989.39,38.0,stabil
9538.92,47.0,stabil
4826.88,36.0,rendah
293.0600000000004,27.0,rendah
1445.5299999999997,25.0,rendah
11204.62,64.0,stabil
693.3999999999996,20.0,rendah
13523.65,57.0,stabil
662.5100000000002,20.0,rendah
342.72999999999956,23.0,rendah
7764.16,47.0,stabil
9834.0,29.0,stabil
268.77000000000044,44.0,rendah
5397.68,30.0,rendah
7659.5,53.0,stabil
1926.08,28.0,rendah
6911.62,68.0,menengah
7527.04,36.0,stabil
12071.1,43.0,stabil
1425.4700000000003,72.0,menengah
1598.63,23.0,rendah
11726.47,60.0,stabil
9189.76,28.0,stabil
4895.87,78.0,menengah
6178.77,21.0,rendah
7167.57,67.0,menengah
4704.91,56.0,menengah
1267.7200000000003,67.0,menengah
5790.55,59.0,menengah
5729.1,60.0,menengah
7379.38,34.0,stabil
1478.4099999999999,25.0,rendah
824.71,28.0,rendah
1024.4200000000005,27.0,rendah
6027.49,29.0,rendah
14453.35,51.0,stabil
5374.54,42.0,stabil
9148.08,59.0,stabil
2757.23,59.0,menengah
2523.83,41.0,rendah
1498.79,67.0,menengah
1305.56,29.0,rendah
1910.9,25.0,rendah
423.6400000000003,25.0,rendah
7606.63,64.0,menengah
842.5599999999995,31.0,rendah
709.4200000000001,28.0,rendah
1358.37,27.0,rendah
13538.14,61.0,stabil
7258.33,75.0,menengah
4980.26,69.0,menengah
1623.5,55.0,menengah
4401.78,26.0,rendah
2051.37,48.0,menengah
13704.92,58.0,stabil
13374.89,64.0,stabil
3363.23,22.0,rendah
13521.76,60.0,stabil
6109.86,57.0,menengah
9975.79,37.0,stabil
13856.18,41.0,stabil
9905.23,33.0,stabil
1547.71,28.0,rendah
7153.72,79.0,menengah
3101.54,54.0,menengah
1393.1400000000003,56.0,menengah
7142.53,57.0,menengah
325.14999999999964,23.0,rendah
580.6599999999999,28.0,rendah
6149.81,18.0,rendah
5698.25,56.0,menengah
9562.41,39.0,stabil
2038.31,53.0,menengah
187.64999999999964,22.0,rendah
8520.08,26.0,stabil
1435.7200000000003,27.0,rendah
825.6900000000005,20.0,rendah
5803.89,68.0,menengah
3134.4699999999993,53.0,menengah
5374.69,50.0,menengah
6852.16,31.0,stabil
1570.2200000000003,23.0,rendah
730.6000000000004,18.0,rendah
13185.39,47.0,stabil
3900.34,24.0,rendah
4891.56,63.0,menengah
7682.0,64.0,menengah
6100.98,57.0,menengah
1562.9,55.0,menengah
13732.81,57.0,stabil
5790.7,60.0,menengah
1447.35,39.0,rendah
207.10000000000036,64.0,menengah
3077.2,57.0,menengah
1983.0,25.0,rendah
3120.1,57.0,menengah
3052.47,46.0,menengah
8564.46,27.0,stabil
7950.74,59.0,stabil
1699.81,21.0,rendah
287.46000000000004,23.0,rendah
1154.4799999999996,23.0,rendah
4076.48,23.0,rendah
10628.59,68.0,stabil
7801.32,47.0,stabil
634.1599999999999,53.0,menengah
922.96,33.0,rendah
1671.8599999999997,18.0,rendah
5670.82,75.0,menengah
6020.85,58.0,menengah
6180.3,51.0,menengah
3956.69,46.0,menengah
13869.86,62.0,stabil
4159.52,43.0,menengah
1084.65,19.0,rendah
9794.26,32.0,stabil
5123.24,78.0,menengah
1381.2799999999997,39.0,rendah
11619.1,66.0,stabil
9077.62,31.0,stabil
1824.19,22.0,rendah
4159.33,71.0,menengah
14352.33,50.0,stabil
2156.54,64.0,menengah
8361.7,51.0,stabil
5424.6,27.0,rendah
11263.89,52.0,stabil
12467.31,48.0,stabil
2531.24,26.0,rendah
6242.03,48.0,menengah
11565.97,36.0,stabil
13586.06,39.0,stabil
1161.8400000000001,24.0,rendah
7447.1,48.0,stabil
1419.31,25.0,rendah
6142.54,58.0,menengah
416.3699999999999,20.0,rendah
6313.22,53.0,menengah
8092.94,60.0,menengah
6229.13,31.0,stabil
4976.18,26.0,rendah
8741.51,30.0,stabil
7155.04,59.0,menengah
7473.73,32.0,stabil
2366.3,29.0,rendah
3051.29,51.0,menengah
6987.4,44.0,stabil
7370.41,65.0,menengah
5010.31,68.0,menengah
6760.22,59.0,menengah
9817.05,52.0,stabil
4389.96,52.0,menengah
6768.14,73.0,menengah
1504.6400000000003,51.0,menengah
6486.18,63.0,menengah
835.5299999999997,25.0,rendah
8576.65,41.0,stabil
1593.0299999999997,22.0,rendah
3872.55,74.0,menengah
9129.68,40.0,stabil
2227.49,49.0,menengah
2619.46,57.0,menengah
213.0,23.0,rendah
8457.09,21.0,stabil
6290.62,80.0,menengah
9522.37,51.0,stabil
11795.12,61.0,stabil
5121.36,52.0,menengah
8356.08,54.0,stabil
1299.4,25.0,rendah
6062.94,57.0,menengah
7588.67,67.0,menengah
125.85000000000036,24.0,rendah
7047.04,24.0,stabil
7927.27,41.0,stabil
1889.7799999999997,20.0,rendah
1769.06,26.0,rendah
4575.98,30.0,rendah
9269.67,27.0,stabil
9749.46,59.0,stabil
123.23999999999978,19.0,rendah
4718.51,49.0,menengah
1171.9799999999996,20.0,rendah
7807.73,33.0,stabil
7483.01,64.0,menengah
8494.53,46.0,stabil
8994.67,29.0,stabil
4576.78,39.0,rendah
5859.79,38.0,stabil
2103.41,55.0,menengah
1046.6599999999999,20.0,rendah
10536.54,47.0,stabil
4860.01,27.0,rendah
9575.42,55.0,stabil
5453.4,50.0,menengah
1545.6400000000003,18.0,rendah
7272.01,58.0,menengah
1612.4,19.0,rendah
6151.05,72.0,menengah
852.1999999999998,27.0,rendah
9141.79,42.0,stabil
6425.99,43.0,stabil
214.60999999999967,26.0,rendah
229.02000000000044,19.0,rendah
1793.0900000000001,57.0,menengah
4437.48,34.0,rendah
3641.06,58.0,menengah
11481.85,32.0,stabil
7567.17,65.0,menengah
6708.65,48.0,stabil
5491.55,22.0,rendah
9598.43,67.0,stabil
14410.44,63.0,stabil
9738.6,53.0,stabil
749.3400000000001,33.0,rendah
1185.4300000000003,27.0,rendah
1584.6,26.0,rendah
1789.8000000000002,71.0,menengah
14494.18,32.0,stabil
6368.32,38.0,stabil
1137.13,59.0,menengah
5143.8,34.0,rendah
14021.4,49.0,stabil
5946.45,28.0,rendah
1400.04,25.0,rendah
11305.81,31.0,stabil
193.0600000000004,52.0,menengah
4468.12,42.0,menengah
1688.9,53.0,menengah
7574.45,43.0,stabil
2637.55,62.0,menengah
3304.02,31.0,rendah
445.21000000000004,27.0,rendah
3488.77,79.0,menengah
7158.58,39.0,stabil
1597.5100000000002,23.0,rendah
4186.25,33.0,rendah
6237.68,44.0,stabil
3449.35,43.0,rendah
10235.19,29.0,stabil
8670.23,34.0,stabil
8198.0,63.0,menengah
1149.7400000000002,24.0,rendah
8384.85,69.0,menengah
14466.38,39.0,stabil
5695.78,48.0,menengah
1220.8599999999997,31.0,rendah
6126.5,51.0,menengah
2861.65,29.0,rendah
411.77999999999975,27.0,rendah
4331.54,68.0,menengah
13948.09,40.0,stabil
333.1899999999996,20.0,rendah
1189.0300000000002,27.0,rendah
102.19999999999982,25.0,rendah
1145.23,25.0,rendah
8704.27,26.0,stabil
6223.26,61.0,menengah
135.96000000000004,49.0,menengah
4597.57,51.0,menengah
1061.5799999999995,64.0,menengah
9238.08,36.0,stabil
9404.63,56.0,stabil
13330.74,66.0,stabil
341.2399999999998,26.0,rendah
7044.63,36.0,stabil
9281.85,30.0,stabil
8639.36,56.0,stabil
4957.57,28.0,rendah
9938.2,63.0,stabil
11796.66,62.0,stabil
7306.79,59.0,menengah
3157.75,27.0,rendah
1941.8000000000002,25.0,rendah
1019.7699999999995,46.0,rendah
12272.78,50.0,stabil
7892.87,41.0,stabil
4150.63,60.0,menengah
1204.1099999999992,21.0,rendah
1893.0,61.0,menengah
1059.6199999999994,26.0,rendah
990.7399999999998,67.0,menengah
7375.59,60.0,menengah
9403.12,52.0,stabil
5798.92,36.0,stabil
1498.9300000000003,25.0,rendah
5434.64,40.0,stabil
9100.81,48.0,stabil
4750.96,47.0,menengah
8434.99,33.0,stabil
1569.75,20.0,rendah
7132.08,73.0,menengah
1100.6400000000003,27.0,rendah
2272.17,77.0,menengah
2287.93,31.0,rendah
7104.83,64.0,menengah
13265.92,31.0,stabil
8292.75,39.0,stabil
651.8400000000001,23.0,rendah
7977.78,45.0,stabil
4710.21,71.0,menengah
6308.07,42.0,stabil
7009.54,61.0,menengah
1973.63,19.0,rendah
2304.56,64.0,menengah
6087.24,48.0,menengah
3869.37,77.0,menengah
11147.34,40.0,stabil
2202.21,51.0,menengah
5897.29,67.0,menengah
3278.65,57.0,menengah
12072.11,69.0,stabil
1441.8599999999997,77.0,menengah
7253.22,32.0,stabil
8795.37,33.0,stabil
2636.32,34.0,rendah
6949.21,45.0,stabil
792.3299999999999,23.0,rendah
9668.78,29.0,stabil
1381.75,27.0,rendah
4226.26,66.0,menengah
1137.8899999999999,18.0,rendah
7885.21,69.0,menengah
9427.06,20.0,stabil
3679.64,54.0,menengah
3479.56,51.0,menengah
664.9300000000003,22.0,rendah
624.0900000000001,69.0,menengah
3254.56,74.0,menengah
678.8299999999999,18.0,rendah
14852.42,59.0,stabil
5705.4,26.0,rendah
1846.85,25.0,rendah
677.79,25.0,rendah
2810.37,31.0,rendah
10631.43,67.0,stabil
1188.9499999999998,24.0,rendah
8374.38,43.0,stabil
4972.92,72.0,menengah
4298.13,42.0,rendah
514.8800000000001,22.0,rendah
10501.53,42.0,stabil
3293.06,47.0,menengah
9700.9,26.0,stabil
1052.27,28.0,rendah
8375.16,42.0,stabil
10135.88,55.0,stabil
225.52999999999975,25.0,rendah
1477.63,70.0,menengah
8932.39,26.0,stabil
1006.1199999999999,64.0,menengah
7516.56,41.0,stabil
319.1800000000003,23.0,rendah
966.8800000000001,20.0,rendah
7447.44,58.0,menengah
620.2799999999997,23.0,rendah
707.9499999999998,21.0,rendah
8586.38,46.0,stabil
6076.45,51.0,menengah
793.6300000000001,22.0,rendah
6258.63,29.0,rendah
10456.24,61.0,stabil
544.5599999999995,26.0,rendah
151.27999999999975,19.0,rendah
844.5500000000002,42.0,rendah
7417.69,60.0,menengah
1029.0900000000001,57.0,menengah
899.5200000000004,28.0,rendah
586.7600000000002,28.0,rendah
129.78999999999996,19.0,rendah
10548.58,47.0,stabil
4384.95,74.0,menengah
1429.6099999999997,26.0,rendah
5019.68,29.0,rendah
8274.77,60.0,stabil
935.8800000000001,21.0,rendah
11584.32,30.0,stabil
1642.3400000000001,19.0,rendah
6481.35,36.0,stabil
5619.91,37.0,stabil
1661.1,27.0,rendah
2958.43,53.0,menengah
3506.11,60.0,menengah
6683.31,67.0,menengah
1619.1599999999999,69.0,menengah
12470.62,57.0,stabil
5184.13,38.0,rendah
165.75,26.0,rendah
4846.68,27.0,rendah
1697.58,25.0,rendah
3896.08,63.0,menengah
3651.07,74.0,menengah
4480.43,51.0,menengah
667.6599999999999,47.0,rendah
5595.22,43.0,stabil
1588.31,18.0,rendah
12709.58,58.0,stabil
6570.94,30.0,stabil
8892.62,45.0,stabil
11729.51,68.0,stabil
12104.51,35.0,stabil
3495.51,52.0,menengah
7855.01,68.0,menengah
8843.44,35.0,stabil
11826.52,29.0,stabil
7932.51,67.0,menengah
4710.04,69.0,menengah
7310.83,57.0,menengah
1879.8199999999997,23.0,rendah
9018.33,43.0,stabil
13899.24,47.0,stabil
12613.25,61.0,stabil
765.1499999999996,24.0,rendah
7794.84,55.0,stabil
7541.16,43.0,stabil
8356.88,46.0,stabil
1445.4700000000003,72.0,menengah
5141.32,35.0,rendah
1696.15,27.0,rendah
1806.08,19.0,rendah
5908.04,27.0,rendah
4207.27,42.0,rendah
8365.37,57.0,stabil
7261.7,27.0,stabil
5008.59,62.0,menengah
4287.82,24.0,rendah
10513.52,63.0,stabil
690.5200000000004,19.0,rendah
1788.27,26.0,rendah
4672.8,42.0,menengah
3677.63,41.0,rendah
6911.2,42.0,stabil
12027.68,39.0,stabil
184.72000000000025,36.0,rendah
101.25,28.0,rendah
5771.4,38.0,stabil
4539.99,55.0,menengah
193.80000000000018,25.0,rendah
9138.76,44.0,stabil
941.4899999999998,18.0,rendah
566.8299999999999,26.0,rendah
1550.48,52.0,menengah
9038.63,70.0,menengah
6640.51,40.0,stabil
5400.44,52.0,menengah
6980.98,32.0,stabil
5209.16,57.0,menengah
2342.64,53.0,menengah
136.77000000000044,27.0,rendah
6860.18,64.0,menengah
409.2600000000002,24.0,rendah
383.5799999999999,23.0,rendah
2411.02,64.0,menengah
6756.13,36.0,stabil
7879.66,42.0,stabil
9297.5,24.0,stabil
7531.43,51.0,stabil
899.1499999999996,25.0,rendah
1431.6,54.0,menengah
4500.26,22.0,rendah
6735.74,50.0,stabil
3037.97,73.0,menengah
9040.33,32.0,stabil
796.6300000000001,26.0,rendah
9199.52,52.0,stabil
8037.87,53.0,stabil
1081.79,18.0,rendah
3812.87,34.0,rendah
940.9099999999999,28.0,rendah
6474.34,57.0,menengah
2498.48,48.0,menengah
9578.74,64.0,stabil
7346.66,49.0,stabil
811.8599999999997,21.0,rendah
8579.69,36.0,stabil
9013.1,65.0,stabil
6863.02,45.0,stabil
2052.84,75.0,menengah
1887.8400000000001,21.0,rendah
6944.9,25.0,stabil
1289.48,26.0,rendah
13777.1,69.0,stabil
4120.75,53.0,menengah
10517.47,44.0,stabil
5414.97,31.0,rendah
13542.41,59.0,stabil
5265.88,39.0,rendah
6937.48,60.0,menengah
12690.79,33.0,stabil
254.75,48.0,rendah
3382.91,56.0,menengah
1776.9099999999999,23.0,rendah
131.25,24.0,rendah
